"Order","Bead ID","Molecular Typing","Serological Typing","MFICL","MFI","Log10LRA"
66,266,"DQA1*01:04, DQB1*05:03","DQ5(1)",0.705,193,4.12
67,267,"DQA1*01:03, DQB1*06:01","DQ6(1)",0.963,167,4.02
68,268,"DQA1*01:04, DQB1*06:01","DQ6(1)",0.844,172,3.92
69,269,"DQA1*02:01, DQB1*06:01","DQ6(1)",0.874,174,3.93
70,270,"DQA1*01:02, DQB1*06:02","DQ6(1)",0.904,162,3.86
71,271,"DQA1*01:03, DQB1*06:03","DQ6(1)",0.735,158,3.78
72,272,"DQA1*01:02, DQB1*06:04","DQ6(1)",0.973,318,5.68
73,273,"DPA1*01:03, DPB1*01:01","DPw1",0.953,174,3.87
74,274,"DPA1*02:01, DPB1*01:01","DPw1",0.943,184,4.21
75,275,"DPA1*02:02, DPB1*01:01","DPw1",0.943,212,4.54
76,276,"DPA1*03:01, DPB1*01:01","DPw1",0.943,161,3.91
77,277,"DPA1*01:03, DPB1*02:01","DPw2",1.003,178,4.13
78,278,"DPA1*01:03, DPB1*03:01","DPw3",0.923,178,4.02
79,279,"DPA1*01:03, DPB1*04:01","DPw4",0.953,194,4.2
80,280,"DPA1*02:01, DPB1*04:01","DPw4",1.043,193,4.2
81,281,"DPA1*02:02, DPB1*04:01","DPw4",1.053,168,4.19
3,203,"DRB1*01:01","DR1",0.983,138,3.91
82,282,"DPA1*03:01, DPB1*04:01","DPw4",1.003,178,4.14
4,204,"DRB1*01:02","DR1",0.983,151,4.01
83,283,"DPA1*04:01, DPB1*04:01","DPw4",1.013,181,4.16
6,206,"DRB1*01:03","DR103",1.013,153,3.81
84,284,"DPA1*01:03, DPB1*04:02","DPw4",1.053,178,3.79
7,207,"DRB1*03:01","DR17(3)",0.933,155,3.98
85,285,"DPA1*03:01, DPB1*04:02","DPw4",0.963,179,4.06
8,208,"DRB1*03:02","DR18(3)",0.864,188,4.29
86,286,"DPA1*02:01, DPB1*05:01","DPw5",1.013,151,3.84
9,209,"DRB1*03:03","DR18(3)",0.943,175,4.23
87,287,"DPA1*02:02, DPB1*05:01","DPw5",0.993,165,3.93
10,210,"DRB1*04:01","DR4",0.963,167,4.07
88,288,"DPA1*03:01, DPB1*05:01","DPw5",0.953,164,3.91
11,211,"DRB1*04:02","DR4",1.013,151,3.88
89,289,"DPA1*01:03, DPB1*06:01","DPw6",0.914,181,4.34
12,212,"DRB1*04:03","DR4",1.063,182,4.37
90,290,"DPA1*02:01, DPB1*09:01","0.953",170,3.97,NA
13,213,"DRB1*04:04","DR4",0.963,160,4.04
91,291,"DPA1*02:01, DPB1*11:01","0.953",156,3.93,NA
14,214,"DRB1*04:05","DR4",0.933,169,4.13
92,292,"DPA1*02:01, DPB1*13:01","0.953",160,3.95,NA
15,215,"DRB1*07:01","DR7",0.973,148,3.93
93,293,"DPA1*04:01, DPB1*13:01","0.963",153,3.92,NA
16,216,"DRB1*08:01","DR8",0.874,208,4.4
94,294,"DPA1*02:01, DPB1*14:01","0.953",239,5.64,NA
17,217,"DRB1*08:02","DR8",0.824,160,4.11
95,295,"DPA1*02:01, DPB1*15:01","0.953",164,3.93,NA
18,218,"DRB1*09:01","DR9",1.013,141,3.86
96,296,"DPA1*02:01, DPB1*17:01","0.933",188,4.22,NA
19,219,"DRB1*10:01","DR10",0.953,162,4.14
97,297,"DPA1*01:03, DPB1*18:01","1.013",195,4.39,NA
20,220,"DRB1*11:01","DR11(5)",0.596,172,4.21
98,298,"DPA1*02:01, DPB1*19:01","0.963",161,3.75,NA
21,221,"DRB1*11:03","DR11(5)",0.775,168,4.15
99,299,"DPA1*02:02, DPB1*28:01","0.933",176,4.05,NA
22,222,"DRB1*11:04","DR11(5)",0.655,175,4.18
23,223,"DRB1*12:01","DR12(5)",0.894,172,4.05
24,224,"DRB1*12:02","DR12(5)",0.526,169,4.22
25,225,"DRB1*13:01","DR13(6)",0.953,256,5.12
26,226,"DRB1*13:03","DR13(6)",0.963,160,4.17
27,227,"DRB1*13:05","DR13(6)",0.725,231,5.08
28,228,"DRB1*14:01","DR14(6)",1.013,150,3.89
29,229,"DRB1*14:03","DR1403",0.943,162,4.03
30,230,"DRB1*14:04","DR1404",0.943,175,4.08
31,231,"DRB1*15:01","DR15(2)",1.013,161,4.08
32,232,"DRB1*15:02","DR15(2)",1.003,157,4.06
33,233,"DRB1*15:03","DR15(2)",0.973,200,4.15
34,234,"DRB1*16:01","DR16(2)",0.894,138,3.72
35,235,"DRB1*16:02","DR16(2)",0.973,159,3.94
36,236,"DRB3*01:01","DR52",0.993,215,4.47
37,237,"DRB3*02:02","DR52",0.993,169,4.04
38,238,"DRB3*03:01","DR52",0.914,173,4.14
39,239,"DRB4*01:01","DR53",1.053,175,4.34
40,240,"DRB5*01:01","DR51",0.675,183,4.21
41,241,"DRB5*02:02","DR51",0.993,158,4.06
42,242,"DQA1*02:01, DQB1*02:01","DQ2",0.923,191,4.17
43,243,"DQA1*05:01, DQB1*02:01","DQ2",0.844,194,4.3
44,244,"DQA1*02:01, DQB1*02:02","DQ2",0.864,177,4
45,245,"DQA1*03:02, DQB1*02:02","DQ2",0.864,176,4.05
46,246,"DQA1*05:01, DQB1*02:02","DQ2",0.914,197,4.25
47,247,"DQA1*03:01, DQB1*03:01","DQ7(3)",0.824,202,4.4
48,248,"DQA1*03:02, DQB1*03:01","DQ7(3)",0.854,175,3.99
49,249,"DQA1*05:01, DQB1*03:01","DQ7(3)",0.874,185,4.06
50,250,"DQA1*06:01, DQB1*03:01","DQ7(3)",0.725,206,4.43
51,251,"DQA1*02:01, DQB1*03:02","DQ8(3)",0.923,174,4.1
52,252,"DQA1*03:01, DQB1*03:02","DQ8(3)",0.973,175,3.91
53,253,"DQA1*03:02, DQB1*03:02","DQ8(3)",0.884,210,4.37
54,254,"DQA1*03:02, DQB1*03:03","DQ9(3)",0.953,200,4.29
55,255,"DQA1*04:01, DQB1*03:03","DQ9(3)",0.814,198,4.2
56,256,"DQA1*06:01, DQB1*03:03","DQ9(3)",0.794,174,3.97
57,257,"DQA1*02:01, DQB1*04:01","DQ4",0.904,170,3.93
58,258,"DQA1*04:01, DQB1*04:01","DQ4",0.804,192,4.09
59,259,"DQA1*05:01, DQB1*04:01","DQ4",0.784,207,4.36
60,260,"DQA1*03:01, DQB1*04:02","DQ4",0.765,191,4.2
61,261,"DQA1*04:01, DQB1*04:02","DQ4",0.874,178,3.99
62,262,"DQA1*06:01, DQB1*04:02","DQ4",0.794,178,4.04
63,263,"DQA1*01:01, DQB1*05:01","DQ5(1)",0.794,294,5.58
64,264,"DQA1*01:02, DQB1*05:01","DQ5(1)",0.914,182,4.08
65,265,"DQA1*01:02, DQB1*05:02","DQ5(1)",0.755,218,4.44
